RegionID,RegionName,SizeRank,2014-01,2014-02,2014-03,2014-04,2014-05,2014-06,2014-07,2014-08,2014-09,2014-10,2014-11,2014-12,2015-01,2015-02,2015-03,2015-04,2015-05,2015-06,2015-07,2015-08,2015-09,2015-10,2015-11,2015-12,2016-01,2016-02,2016-03,2016-04,2016-05,2016-06,2016-07,2016-08,2016-09,2016-10,2016-11,2016-12,2017-01,2017-02,2017-03,2017-04,2017-05,2017-06,2017-07,2017-08,2017-09,2017-10,2017-11,2017-12,2018-01,2018-02,2018-03,2018-04,2018-05,2018-06,2018-07,2018-08,2018-09,2018-10,2018-11,2018-12,2019-01,2019-02,2019-03,2019-04,2019-05,2019-06,2019-07,2019-08,2019-09,2019-10,2019-11,2019-12,2020-01,2020-02,2020-03,2020-04,2020-05,2020-06,2020-07,2020-08,2020-09,2020-10,2020-11
102001,United States,0,1381,1387,1393,1399,1405,1411,1417,1423,1429,1435,1440,1446,1452,1458,1463,1469,1474,1480,1486,1491,1497,1502,1508,1513,1518,1523,1528,1533,1538,1542,1547,1551,1555,1559,1564,1568,1572,1576,1579,1583,1587,1591,1595,1599,1603,1607,1612,1616,1620,1625,1630,1635,1641,1646,1651,1656,1661,1666,1671,1676,1681,1686,1691,1696,1701,1706,1711,1716,1721,1725,1728,1732,1735,1735,1736,1737,1738,1739,1740,1740,1741,1741,1742
394913,"New York, NY",1,2371,2381,2392,2403,2414,2425,2436,2447,2457,2468,2478,2489,2499,2508,2518,2527,2536,2545,2554,2562,2569,2577,2583,2589,2595,2600,2604,2609,2613,2617,2622,2625,2629,2633,2637,2640,2644,2648,2652,2655,2658,2661,2664,2667,2669,2671,2674,2677,2680,2683,2687,2690,2694,2699,2703,2708,2713,2718,2724,2730,2736,2742,2748,2754,2760,2766,2772,2777,2782,2787,2786,2785,2784,2768,2753,2737,2720,2703,2686,2667,2649,2630,2610
753899,"Los Angeles-Long Beach-Anaheim, CA",2,1876,1889,1902,1916,1929,1942,1956,1969,1982,1995,2007,2019,2032,2043,2054,2066,2077,2089,2101,2113,2125,2137,2149,2161,2174,2185,2197,2208,2219,2230,2240,2250,2260,2270,2280,2290,2300,2309,2319,2328,2337,2345,2354,2362,2371,2379,2387,2395,2403,2411,2420,2428,2437,2446,2455,2463,2472,2480,2488,2496,2504,2511,2518,2525,2532,2538,2545,2551,2557,2563,2566,2569,2571,2570,2570,2569,2568,2567,2566,2564,2563,2561,2560
394463,"Chicago, IL",3,1538,1543,1548,1553,1557,1562,1566,1571,1575,1579,1583,1587,1591,1595,1599,1603,1607,1612,1616,1621,1626,1631,1637,1642,1648,1652,1656,1661,1664,1667,1671,1673,1676,1679,1682,1684,1687,1689,1692,1694,1697,1699,1702,1704,1707,1709,1712,1714,1717,1720,1723,1725,1728,1731,1734,1738,1741,1744,1748,1751,1755,1759,1763,1767,1771,1775,1780,1783,1787,1790,1791,1792,1794,1791,1789,1786,1784,1781,1778,1775,1772,1769,1765
394514,"Dallas-Fort Worth, TX",4,1221,1227,1232,1238,1244,1249,1255,1261,1266,1272,1278,1284,1290,1295,1301,1307,1312,1318,1323,1329,1334,1339,1345,1350,1356,1362,1368,1373,1379,1385,1391,1396,1401,1407,1411,1416,1421,1425,1429,1434,1438,1442,1446,1450,1454,1458,1462,1466,1470,1473,1477,1481,1485,1489,1493,1497,1501,1506,1510,1515,1519,1524,1528,1533,1537,1541,1546,1549,1553,1556,1559,1561,1563,1564,1566,1567,1569,1571,1572,1574,1575,1577,1578
394974,"Philadelphia, PA",5,1372,1375,1377,1380,1382,1385,1387,1390,1392,1395,1398,1401,1404,1407,1410,1413,1416,1420,1423,1427,1431,1435,1438,1442,1446,1449,1453,1456,1460,1464,1467,1470,1474,1477,1480,1482,1485,1487,1490,1492,1494,1496,1497,1500,1502,1504,1507,1511,1514,1517,1521,1525,1530,1534,1539,1543,1548,1552,1557,1561,1566,1570,1574,1578,1583,1587,1591,1595,1599,1603,1606,1609,1611,1613,1615,1616,1618,1620,1621,1623,1624,1626,1627
394692,"Houston, TX",6,1269,1279,1288,1298,1308,1317,1326,1335,1344,1353,1360,1366,1373,1377,1381,1385,1388,1391,1394,1397,1399,1401,1403,1404,1405,1406,1406,1407,1407,1407,1407,1406,1406,1405,1405,1404,1404,1404,1404,1405,1407,1410,1412,1416,1420,1424,1428,1433,1438,1442,1446,1450,1452,1454,1456,1457,1459,1460,1461,1463,1464,1466,1468,1470,1472,1474,1477,1479,1481,1483,1484,1485,1486,1485,1485,1485,1485,1485,1485,1485,1485,1484,1484
395209,"Washington, DC",7,1908,1911,1915,1919,1922,1926,1930,1933,1937,1940,1943,1946,1949,1952,1954,1957,1960,1963,1967,1971,1975,1978,1982,1985,1989,1992,1994,1997,2000,2002,2004,2007,2009,2012,2015,2018,2021,2024,2027,2030,2032,2034,2036,2038,2040,2041,2043,2046,2048,2052,2056,2059,2064,2069,2074,2079,2084,2089,2094,2099,2104,2109,2113,2118,2122,2126,2131,2134,2138,2142,2143,2144,2144,2141,2137,2133,2129,2125,2121,2117,2112,2108,2103
394856,"Miami-Fort Lauderdale, FL",8,1572,1580,1587,1595,1603,1611,1618,1626,1634,1642,1650,1658,1665,1673,1681,1689,1696,1704,1712,1719,1727,1734,1741,1748,1754,1760,1765,1770,1774,1778,1782,1784,1787,1790,1792,1794,1796,1799,1801,1804,1807,1809,1812,1815,1818,1821,1825,1829,1833,1837,1841,1846,1850,1855,1860,1864,1868,1872,1876,1880,1884,1887,1891,1894,1898,1902,1906,1910,1914,1918,1921,1925,1928,1930,1931,1933,1935,1937,1939,1940,1942,1943,1945
394347,"Atlanta, GA",9,1145,1149,1153,1158,1162,1167,1171,1176,1180,1185,1190,1195,1200,1205,1211,1216,1221,1227,1232,1238,1243,1249,1255,1261,1268,1274,1281,1287,1294,1300,1307,1313,1319,1325,1330,1336,1342,1348,1353,1359,1364,1370,1376,1381,1387,1393,1399,1405,1412,1418,1425,1432,1439,1446,1454,1461,1469,1476,1483,1490,1497,1504,1510,1516,1522,1527,1532,1537,1542,1547,1551,1555,1559,1564,1569,1575,1580,1586,1591,1597,1602,1608,1614
394404,"Boston, MA",10,2081,2088,2094,2101,2108,2115,2121,2128,2134,2141,2147,2154,2161,2167,2173,2179,2186,2193,2200,2209,2217,2225,2233,2241,2249,2257,2265,2272,2280,2287,2295,2302,2309,2316,2322,2328,2335,2340,2346,2352,2357,2362,2368,2373,2378,2383,2388,2394,2399,2405,2411,2417,2423,2430,2436,2442,2448,2455,2461,2468,2474,2481,2487,2494,2501,2508,2514,2520,2527,2533,2534,2535,2536,2527,2517,2508,2498,2488,2478,2467,2455,2444,2432
395057,"San Francisco, CA",11,2218,2254,2290,2326,2361,2397,2432,2467,2502,2537,2570,2603,2636,2664,2692,2720,2744,2768,2791,2812,2832,2852,2868,2885,2901,2911,2922,2933,2939,2946,2953,2957,2962,2967,2972,2977,2982,2989,2997,3004,3011,3019,3026,3034,3041,3049,3056,3064,3071,3080,3088,3096,3105,3115,3124,3134,3143,3153,3162,3171,3180,3188,3195,3203,3210,3217,3223,3229,3235,3240,3239,3238,3236,3220,3203,3187,3169,3151,3133,3114,3094,3075,3054
394532,"Detroit, MI",12,1040,1043,1045,1048,1050,1052,1055,1057,1060,1062,1065,1067,1070,1073,1075,1078,1080,1083,1086,1089,1092,1094,1097,1101,1104,1107,1110,1113,1116,1119,1122,1125,1128,1131,1134,1137,1141,1144,1147,1150,1153,1157,1160,1163,1167,1170,1174,1177,1181,1184,1188,1192,1195,1199,1203,1206,1210,1213,1216,1220,1223,1227,1230,1233,1236,1239,1242,1245,1248,1250,1253,1255,1258,1262,1265,1269,1273,1278,1282,1286,1290,1294,1299
395025,"Riverside, CA",13,1474,1479,1485,1491,1497,1503,1509,1515,1521,1527,1534,1540,1546,1553,1559,1565,1572,1579,1585,1592,1599,1606,1612,1619,1626,1633,1640,1646,1653,1660,1667,1674,1681,1689,1697,1705,1712,1721,1729,1737,1745,1753,1761,1770,1778,1787,1795,1804,1813,1822,1830,1839,1848,1856,1865,1873,1881,1889,1896,1904,1911,1919,1926,1933,1941,1948,1956,1963,1970,1978,1985,1992,2000,2011,2022,2034,2046,2058,2070,2082,2094,2107,2120
394976,"Phoenix, AZ",14,1011,1015,1020,1024,1029,1033,1038,1043,1047,1052,1057,1062,1068,1073,1078,1084,1089,1094,1100,1105,1111,1116,1121,1127,1132,1138,1144,1150,1156,1162,1168,1173,1178,1184,1189,1193,1198,1203,1207,1212,1216,1219,1223,1228,1233,1238,1244,1250,1256,1264,1271,1279,1287,1295,1304,1312,1321,1329,1338,1346,1355,1363,1372,1381,1390,1399,1408,1417,1426,1435,1442,1449,1456,1464,1472,1479,1487,1495,1503,1511,1519,1527,1535
395078,"Seattle, WA",15,1377,1388,1398,1408,1418,1429,1439,1449,1459,1469,1478,1488,1497,1507,1516,1525,1534,1543,1552,1562,1572,1582,1592,1603,1613,1624,1634,1645,1655,1665,1676,1686,1696,1706,1717,1727,1737,1746,1756,1765,1772,1779,1786,1792,1798,1804,1808,1813,1818,1823,1827,1832,1838,1843,1849,1855,1861,1867,1874,1880,1887,1894,1901,1908,1916,1924,1932,1940,1948,1956,1961,1966,1970,1968,1966,1963,1961,1958,1955,1951,1947,1943,1938
394865,"Minneapolis-St Paul, MN",16,1250,1254,1257,1261,1264,1268,1271,1275,1278,1282,1285,1289,1292,1296,1299,1303,1307,1311,1316,1321,1325,1330,1335,1340,1344,1349,1354,1359,1364,1369,1374,1379,1384,1389,1394,1399,1404,1409,1414,1419,1423,1428,1433,1437,1442,1447,1451,1456,1461,1465,1470,1475,1480,1485,1489,1494,1499,1504,1509,1514,1519,1524,1528,1533,1538,1543,1548,1552,1557,1561,1564,1568,1571,1572,1573,1575,1576,1578,1579,1580,1581,1582,1583
395056,"San Diego, CA",17,1721,1731,1741,1751,1762,1772,1782,1793,1803,1813,1824,1834,1844,1854,1863,1873,1882,1891,1900,1908,1917,1925,1935,1944,1953,1963,1972,1981,1991,2000,2009,2018,2027,2035,2044,2053,2062,2071,2080,2089,2097,2105,2113,2121,2129,2137,2146,2154,2162,2171,2180,2189,2197,2205,2214,2221,2228,2235,2241,2247,2254,2259,2265,2270,2276,2283,2289,2295,2301,2307,2311,2315,2319,2324,2329,2333,2338,2343,2348,2352,2357,2362,2367
395121,"St. Louis, MO",18,971,973,975,976,978,980,982,984,985,987,989,992,994,996,998,999,1002,1004,1006,1009,1011,1013,1016,1018,1021,1023,1025,1028,1030,1032,1034,1036,1038,1040,1042,1043,1045,1047,1048,1050,1051,1053,1054,1056,1057,1059,1061,1063,1065,1067,1070,1072,1074,1076,1078,1080,1083,1085,1087,1090,1092,1095,1098,1101,1104,1107,1111,1114,1117,1120,1123,1127,1130,1133,1136,1140,1143,1147,1150,1153,1157,1160,1164
395148,"Tampa, FL",19,1157,1161,1166,1170,1174,1179,1183,1188,1192,1197,1201,1206,1211,1216,1221,1226,1231,1236,1241,1247,1252,1258,1263,1269,1275,1280,1286,1292,1297,1302,1307,1312,1317,1322,1327,1331,1336,1341,1345,1350,1355,1360,1364,1370,1375,1381,1387,1393,1399,1405,1411,1416,1422,1427,1433,1438,1443,1448,1453,1459,1464,1469,1474,1479,1485,1490,1496,1501,1507,1512,1517,1522,1526,1532,1538,1544,1550,1556,1563,1569,1575,1581,1588
394358,"Baltimore, MD",20,1535,1539,1544,1548,1553,1557,1561,1566,1570,1574,1577,1580,1583,1586,1588,1590,1592,1594,1596,1598,1600,1603,1605,1606,1608,1609,1610,1611,1611,1611,1611,1612,1612,1612,1613,1613,1614,1615,1616,1617,1618,1619,1621,1622,1623,1624,1625,1626,1628,1629,1631,1632,1635,1637,1639,1642,1645,1648,1652,1655,1658,1661,1664,1667,1670,1673,1675,1677,1679,1681,1682,1683,1683,1685,1686,1688,1689,1691,1692,1694,1696,1697,1699
394530,"Denver, CO",21,1250,1266,1282,1297,1313,1328,1344,1359,1374,1389,1403,1418,1432,1443,1455,1466,1476,1486,1495,1504,1513,1521,1529,1536,1544,1550,1556,1562,1567,1571,1575,1579,1583,1586,1591,1595,1599,1603,1608,1612,1617,1622,1626,1631,1636,1641,1645,1650,1655,1660,1666,1671,1677,1683,1689,1695,1700,1706,1712,1717,1723,1728,1732,1737,1742,1747,1751,1755,1759,1764,1765,1767,1769,1769,1769,1769,1769,1769,1769,1768,1768,1767,1767
394982,"Pittsburgh, PA",22,,1016,1018,1021,1023,1026,1028,1030,1032,1035,1037,1038,1040,1041,1042,1043,1044,1045,1047,1048,1050,1052,1053,1055,1056,1057,1058,1059,1060,1061,1062,1063,1064,1065,1066,1067,1068,1069,1071,1072,1073,1074,1076,1077,1079,1081,1082,1085,1088,1090,1094,1097,1101,1105,1108,1112,1115,1118,1121,1124,1127,1130,1133,1137,1140,1143,1147,1151,1154,1157,1160,1163,1165,1167,1169,1171,1173,1175,1176,1178,1179,1181,1183
394998,"Portland, OR",23,1182,1192,1203,1213,1224,1234,1245,1255,1266,1277,1287,1298,1309,1321,1332,1343,1354,1366,1377,1388,1399,1410,1420,1431,1441,1449,1457,1466,1472,1479,1485,1491,1496,1502,1506,1510,1514,1518,1522,1526,1529,1532,1535,1537,1540,1543,1546,1549,1552,1556,1560,1564,1568,1573,1577,1582,1587,1592,1596,1601,1606,1610,1615,1619,1624,1629,1633,1638,1642,1647,1650,1652,1655,1657,1659,1661,1663,1665,1667,1669,1671,1673,1674
394458,"Charlotte, NC",24,1146,1150,1154,1158,1162,1166,1170,1174,1178,1182,1186,1190,1195,1200,1205,1210,1215,1221,1226,1232,1238,1244,1250,1256,1262,1268,1274,1279,1285,1290,1295,1300,1305,1310,1314,1319,1324,1328,1333,1337,1341,1345,1349,1353,1357,1361,1365,1370,1374,1379,1385,1390,1396,1402,1408,1414,1420,1426,1432,1438,1444,1449,1455,1461,1466,1472,1477,1482,1487,1492,1495,1498,1501,1504,1507,1509,1512,1515,1518,1521,1524,1527,1530
395045,"Sacramento, CA",25,1248,1253,1259,1264,1270,1275,1281,1287,1293,1298,1305,1311,1318,1325,1332,1340,1348,1356,1364,1373,1382,1391,1401,1410,1420,1430,1440,1450,1459,1469,1478,1488,1498,1508,1518,1528,1539,1549,1560,1571,1581,1591,1602,1611,1620,1629,1637,1645,1653,1660,1668,1675,1682,1690,1697,1705,1713,1722,1729,1737,1745,1753,1760,1768,1774,1781,1788,1794,1800,1806,1812,1818,1824,1832,1840,1848,1857,1865,1874,1883,1891,1900,1909
395055,"San Antonio, TX",26,1085,1089,1093,1097,1101,1105,1109,1113,1117,1121,1125,1129,1133,1137,1141,1145,1150,1154,1159,1163,1167,1171,1175,1179,1182,1186,1189,1193,1197,1200,1204,1207,1210,1213,1216,1219,1222,1224,1227,1229,1232,1234,1236,1238,1240,1243,1245,1248,1251,1254,1257,1260,1263,1267,1270,1274,1277,1280,1284,1287,1291,1294,1298,1302,1306,1310,1314,1317,1321,1324,1327,1329,1331,1333,1335,1336,1338,1340,1341,1343,1344,1346,1347
394943,"Orlando, FL",27,1213,1217,1221,1226,1230,1234,1238,1242,1247,1251,1255,1260,1264,1269,1274,1279,1284,1290,1295,1301,1307,1313,1318,1324,1330,1336,1341,1347,1352,1357,1363,1368,1373,1379,1384,1390,1395,1401,1407,1413,1419,1425,1432,1439,1446,1454,1461,1469,1477,1484,1491,1499,1505,1512,1519,1525,1530,1536,1542,1547,1553,1558,1563,1568,1572,1577,1581,1585,1589,1592,1595,1597,1599,1601,1602,1603,1605,1606,1608,1609,1611,1612,1613
394466,"Cincinnati, OH",28,992,993,995,996,998,999,1001,1002,1004,1005,1008,1010,1012,1015,1018,1022,1025,1029,1033,1037,1041,1045,1048,1051,1054,1057,1060,1062,1065,1068,1071,1075,1078,1082,1086,1089,1093,1097,1100,1104,1107,1110,1114,1117,1120,1123,1126,1129,1133,1137,1140,1144,1149,1153,1157,1162,1167,1172,1178,1183,1189,1194,1199,1204,1209,1214,1219,1224,1228,1233,1237,1242,1246,1250,1254,1259,1263,1267,1272,1276,1281,1285,1289
394475,"Cleveland, OH",29,970,972,974,975,977,979,981,983,985,987,990,993,996,999,1003,1007,1010,1014,1017,1020,1024,1027,1029,1032,1035,1036,1038,1040,1041,1041,1042,1042,1042,1042,1042,1042,1042,1043,1044,1044,1046,1048,1049,1051,1053,1054,1056,1058,1060,1063,1065,1067,1070,1073,1076,1079,1082,1084,1087,1090,1092,1094,1096,1098,1100,1101,1103,1105,1107,1109,1111,1114,1116,1118,1121,1124,1127,1130,1132,1135,1138,1141,1143
394735,"Kansas City, MO",30,978,981,984,987,990,993,996,999,1001,1004,1007,1009,1011,1013,1015,1017,1020,1024,1027,1030,1033,1037,1040,1044,1047,1050,1053,1057,1060,1063,1067,1070,1073,1076,1079,1083,1086,1089,1091,1094,1097,1100,1103,1106,1108,1111,1114,1117,1120,1123,1126,1129,1131,1134,1137,1139,1142,1144,1147,1150,1153,1156,1159,1162,1165,1168,1172,1176,1179,1183,1187,1191,1195,1200,1204,1209,1214,1219,1224,1229,1234,1238,1243
394775,"Las Vegas, NV",31,1051,1053,1056,1059,1062,1064,1067,1070,1073,1076,1079,1082,1085,1089,1093,1096,1100,1104,1108,1113,1117,1122,1126,1131,1136,1140,1145,1149,1153,1157,1162,1166,1170,1175,1180,1184,1189,1194,1199,1204,1210,1215,1221,1227,1233,1239,1246,1253,1260,1267,1274,1282,1289,1297,1305,1312,1320,1327,1335,1342,1350,1357,1364,1370,1377,1383,1389,1394,1399,1404,1407,1411,1414,1419,1424,1429,1435,1440,1446,1451,1457,1462,1468
394492,"Columbus, OH",32,1033,1036,1039,1043,1046,1049,1053,1056,1060,1063,1067,1071,1075,1079,1083,1087,1091,1095,1100,1103,1107,1111,1115,1118,1122,1125,1128,1131,1133,1136,1138,1141,1144,1147,1150,1154,1157,1161,1164,1168,1172,1176,1180,1184,1189,1193,1197,1202,1206,1211,1215,1220,1224,1228,1233,1237,1241,1245,1249,1252,1256,1260,1263,1267,1271,1275,1279,1283,1287,1290,1294,1298,1302,1307,1312,1317,1322,1327,1332,1337,1342,1347,1353
394705,"Indianapolis, IN",33,1040,1042,1043,1045,1047,1049,1051,1053,1055,1057,1059,1061,1063,1066,1068,1070,1073,1076,1079,1082,1085,1088,1091,1094,1098,1101,1104,1107,1109,1111,1113,1115,1117,1119,1122,1124,1126,1128,1131,1133,1137,1140,1143,1146,1150,1153,1157,1160,1163,1167,1170,1173,1177,1180,1183,1187,1190,1194,1198,1203,1207,1211,1216,1220,1225,1229,1234,1238,1242,1247,1251,1256,1261,1267,1273,1279,1286,1292,1298,1305,1311,1318,1324
395059,"San Jose, CA",34,2127,2169,2210,2251,2291,2331,2371,2410,2450,2489,2522,2555,2588,2614,2640,2665,2689,2712,2735,2753,2772,2791,2804,2817,2830,2837,2844,2851,2853,2856,2859,2861,2863,2865,2869,2872,2875,2880,2885,2890,2897,2904,2911,2919,2927,2936,2945,2954,2964,2975,2985,2996,3006,3016,3026,3036,3046,3056,3066,3075,3084,3091,3099,3106,3113,3120,3127,3133,3139,3145,3144,3143,3142,3128,3115,3102,3087,3073,3059,3043,3028,3012,2994
394355,"Austin, TX",35,1260,1267,1274,1280,1287,1293,1300,1307,1313,1320,1326,1332,1338,1344,1349,1355,1361,1366,1372,1377,1383,1388,1393,1398,1402,1406,1410,1414,1416,1419,1422,1424,1426,1428,1430,1432,1434,1435,1436,1438,1438,1439,1440,1441,1442,1443,1445,1447,1449,1454,1458,1463,1469,1475,1481,1487,1493,1498,1504,1510,1516,1521,1526,1532,1537,1543,1548,1552,1557,1561,1563,1565,1566,1565,1563,1562,1560,1559,1557,1555,1553,1551,1549
395194,"Virginia Beach, VA",36,1214,1216,1217,1219,1220,1221,1223,1224,1226,1227,1229,1230,1231,1232,1234,1235,1236,1238,1239,1241,1243,1245,1246,1248,1250,1251,1252,1253,1254,1255,1256,1258,1259,1260,1262,1263,1265,1267,1269,1271,1273,1275,1277,1279,1280,1282,1284,1286,1288,1290,1292,1294,1296,1299,1301,1304,1307,1310,1313,1316,1319,1323,1326,1329,1333,1336,1339,1342,1345,1348,1350,1353,1356,1361,1365,1370,1375,1380,1385,1390,1396,1401,1406
394902,"Nashville, TN",37,1193,1202,1211,1220,1229,1237,1246,1255,1263,1272,1280,1288,1296,1302,1309,1316,1322,1329,1336,1343,1350,1357,1364,1372,1379,1386,1394,1401,1407,1413,1419,1424,1429,1434,1438,1442,1446,1450,1453,1457,1460,1463,1466,1468,1471,1474,1477,1480,1483,1487,1490,1494,1498,1502,1506,1510,1515,1519,1524,1529,1534,1540,1546,1551,1558,1564,1571,1577,1584,1590,1595,1599,1604,1606,1608,1610,1612,1614,1616,1618,1620,1621,1623
395005,"Providence, RI",38,1208,1212,1216,1220,1224,1228,1232,1236,1240,1244,1249,1254,1258,1263,1268,1273,1279,1284,1290,1296,1302,1308,1312,1317,1322,1327,1332,1336,1341,1347,1352,1357,1362,1368,1374,1380,1386,1392,1398,1404,1409,1414,1419,1424,1429,1434,1439,1444,1449,1454,1458,1462,1466,1470,1474,1478,1482,1486,1491,1495,1500,1505,1509,1514,1520,1525,1530,1535,1540,1545,1550,1555,1560,1568,1575,1582,1590,1598,1606,1614,1622,1630,1639
394862,"Milwaukee, WI",39,1005,1009,1013,1017,1021,1025,1029,1033,1037,1041,1044,1047,1050,1052,1054,1056,1058,1060,1062,1063,1065,1067,1068,1070,1072,1073,1075,1076,1078,1079,1081,1083,1084,1086,1088,1089,1091,1092,1093,1094,1096,1097,1098,1100,1102,1103,1105,1107,1109,1111,1113,1115,1117,1119,1121,1123,1125,1128,1130,1132,1134,1137,1139,1141,1144,1146,1148,1151,1153,1155,1158,1160,1162,1165,1168,1171,1173,1176,1179,1182,1185,1187,1190
394714,"Jacksonville, FL",40,1102,1103,1105,1106,1107,1109,1110,1111,1113,1114,1116,1118,1120,1123,1126,1129,1132,1135,1138,1142,1145,1149,1153,1156,1160,1163,1166,1169,1173,1176,1179,1182,1185,1188,1192,1195,1199,1203,1207,1211,1216,1221,1225,1230,1235,1240,1245,1250,1255,1260,1265,1270,1275,1280,1285,1289,1294,1298,1302,1307,1311,1315,1318,1322,1326,1330,1333,1337,1340,1344,1347,1350,1353,1358,1363,1367,1372,1377,1382,1387,1391,1396,1401
394849,"Memphis, TN",41,1114,1116,1118,1120,1122,1124,1126,1129,1131,1133,1134,1136,1137,1139,1140,1141,1143,1144,1146,1147,1149,1151,1153,1155,1157,1159,1161,1163,1165,1167,1169,1171,1173,1175,1176,1178,1180,1181,1183,1184,1186,1188,1189,1192,1194,1197,1200,1203,1206,1210,1214,1217,1221,1225,1228,1232,1236,1239,1243,1247,1251,1255,1258,1262,1266,1270,1274,1279,1284,1289,1295,1301,1308,1317,1326,1335,1344,1354,1363,1373,1382,1392,1402
394935,"Oklahoma City, OK",42,975,977,980,983,985,988,990,993,995,998,1000,1002,1004,1006,1007,1008,1009,1010,1010,1011,1011,1012,1012,1012,1012,1011,1011,1010,1010,1009,1008,1008,1008,1007,1007,1007,1007,1008,1009,1010,1011,1013,1014,1015,1017,1018,1020,1021,1022,1024,1026,1027,1029,1032,1034,1037,1040,1043,1046,1050,1053,1056,1059,1063,1065,1068,1070,1072,1074,1076,1077,1078,1079,1082,1084,1086,1089,1091,1094,1096,1099,1102,1104
394807,"Louisville-Jefferson County, KY",43,813,817,821,825,829,833,838,842,846,850,853,856,859,862,864,866,868,870,872,874,876,878,880,883,885,888,891,894,898,901,904,908,911,914,918,921,924,926,929,931,934,936,938,940,942,944,946,948,950,952,955,957,960,962,965,967,970,973,975,978,980,982,984,986,988,990,991,993,995,997,1000,1002,1004,1008,1012,1016,1019,1023,1027,1031,1035,1039,1043
394669,"Hartford, CT",44,1167,1172,1177,1182,1186,1191,1195,1200,1204,1209,1212,1216,1220,1222,1225,1227,1229,1231,1234,1236,1238,1239,1242,1244,1246,1248,1250,1252,1254,1256,1258,1260,1262,1264,1266,1268,1270,1272,1274,1276,1277,1279,1281,1283,1285,1286,1288,1291,1293,1296,1299,1302,1305,1309,1313,1316,1319,1323,1326,1328,1331,1333,1335,1337,1339,1341,1343,1345,1348,1350,1354,1357,1360,1365,1370,1375,1380,1386,1391,1396,1401,1407,1412
395022,"Richmond, VA",45,,1095,1098,1100,1103,1106,1108,1111,1113,1116,1118,1120,1122,1124,1127,1129,1131,1133,1135,1138,1141,1143,1146,1149,1153,1156,1159,1162,1165,1168,1170,1172,1175,1177,1179,1182,1185,1188,1191,1194,1197,1200,1204,1208,1212,1216,1220,1224,1228,1232,1236,1240,1244,1247,1251,1255,1258,1262,1266,1269,1273,1277,1280,1284,1288,1292,1295,1299,1303,1307,1310,1314,1317,1320,1324,1328,1332,1335,1339,1343,1347,1351,1354
394910,"New Orleans, LA",46,1224,1232,1241,1249,1257,1265,1273,1281,1289,1297,1303,1309,1315,1319,1323,1327,1330,1334,1337,1340,1343,1345,1347,1349,1350,1351,1352,1353,1353,1353,1353,1353,1353,1353,1354,1354,1355,1356,1357,1358,1359,1360,1361,1362,1363,1364,1366,1368,1369,1371,1373,1374,1376,1378,1380,1382,1384,1386,1388,1390,1392,1394,1397,1399,1403,1406,1409,1413,1416,1419,1422,1424,1426,1428,1429,1430,1432,1433,1435,1436,1437,1438,1439
394425,"Buffalo, NY",47,873,876,878,881,883,886,888,891,894,896,900,903,906,910,914,918,922,925,929,932,935,938,941,945,948,951,954,957,960,963,966,970,973,976,979,982,985,987,990,992,994,996,998,1001,1003,1005,1008,1011,1013,1016,1020,1023,1026,1029,1032,1035,1038,1041,1044,1047,1050,1053,1055,1058,1061,1063,1066,1069,1073,1076,1080,1084,1087,1092,1096,1100,1105,1109,1113,1118,1122,1126,1131
395012,"Raleigh, NC",48,1251,1253,1256,1259,1262,1265,1268,1271,1274,1276,1280,1284,1287,1291,1295,1299,1303,1307,1310,1314,1318,1322,1326,1330,1334,1338,1342,1346,1350,1354,1358,1362,1366,1369,1373,1376,1379,1382,1385,1388,1390,1393,1396,1398,1401,1404,1407,1410,1414,1417,1421,1425,1429,1433,1437,1442,1446,1451,1456,1461,1467,1472,1478,1483,1489,1494,1499,1504,1508,1512,1515,1517,1519,1521,1523,1526,1528,1530,1533,1535,1537,1539,1542
394388,"Birmingham, AL",49,963,965,968,970,972,975,977,979,982,984,986,988,990,992,994,995,997,999,1001,1003,1005,1007,1009,1011,1012,1014,1016,1017,1018,1020,1021,1022,1023,1023,1025,1026,1027,1029,1031,1033,1035,1038,1040,1042,1044,1047,1049,1051,1053,1055,1057,1059,1061,1064,1067,1071,1075,1079,1083,1087,1091,1095,1098,1102,1104,1107,1110,1112,1115,1117,1120,1123,1125,1129,1132,1135,1139,1142,1146,1149,1152,1156,1159
395053,"Salt Lake City, UT",50,1074,1078,1083,1088,1092,1096,1101,1105,1109,1114,1118,1121,1125,1128,1132,1135,1139,1144,1148,1153,1159,1164,1169,1174,1179,1185,1190,1195,1200,1205,1210,1214,1219,1223,1228,1233,1238,1243,1248,1253,1258,1263,1268,1273,1278,1284,1289,1295,1301,1306,1311,1317,1322,1328,1333,1339,1344,1350,1355,1360,1365,1370,1375,1379,1384,1388,1392,1395,1399,1402,1404,1406,1408,1411,1413,1415,1418,1420,1423,1425,1427,1430,1432
395031,"Rochester, NY",51,929,932,935,938,941,943,946,949,951,954,957,959,961,964,966,969,972,975,978,981,984,987,989,992,995,997,999,1002,1004,1006,1008,1010,1013,1015,1018,1020,1023,1026,1028,1031,1033,1036,1039,1042,1045,1048,1051,1054,1057,1060,1064,1067,1070,1073,1076,1078,1080,1083,1085,1087,1090,1092,1093,1095,1096,1098,1099,1101,1103,1105,1108,1111,1113,1118,1123,1128,1133,1138,1143,1148,1154,1159,1164
394640,"Grand Rapids, MI",52,854,859,865,870,875,880,886,891,896,902,907,912,917,922,928,933,939,945,951,958,964,971,978,985,993,1000,1007,1014,1021,1028,1035,1041,1048,1054,1060,1066,1072,1077,1082,1087,1091,1096,1100,1104,1109,1113,1117,1121,1125,1129,1133,1137,1142,1146,1150,1155,1160,1164,1169,1174,1178,1183,1188,1192,1197,1202,1206,1211,1215,1219,1223,1227,1231,1235,1239,1243,1248,1252,1256,1260,1265,1269,1273
395167,"Tucson, AZ",53,958,959,960,961,962,963,964,966,967,968,969,970,972,973,975,976,978,980,982,984,986,989,991,994,996,999,1001,1004,1007,1010,1013,1016,1020,1023,1028,1032,1036,1040,1044,1048,1052,1056,1060,1064,1068,1072,1077,1081,1086,1091,1097,1102,1108,1114,1119,1125,1131,1137,1143,1149,1155,1160,1166,1172,1177,1183,1188,1193,1198,1204,1208,1213,1218,1225,1232,1239,1247,1254,1261,1269,1276,1284,1292
753924,"Urban Honolulu, HI",54,1691,1710,1729,1748,1766,1785,1803,1821,1839,1857,1872,1886,1900,1909,1918,1927,1933,1939,1945,1949,1954,1958,1963,1967,1972,1975,1979,1983,1986,1989,1991,1994,1996,1999,2000,2002,2004,2005,2007,2008,2010,2012,2014,2017,2019,2021,2023,2026,2028,2031,2034,2037,2040,2043,2046,2050,2053,2057,2060,2064,2067,2070,2074,2077,2080,2083,2086,2088,2090,2092,2093,2093,2094,2093,2093,2093,2092,2092,2091,2091,2090,2089,2088
395169,"Tulsa, OK",55,988,991,994,997,1000,1003,1006,1009,1013,1016,1018,1021,1024,1026,1028,1030,1032,1033,1035,1036,1038,1039,1040,1041,1043,1044,1044,1045,1046,1047,1048,1049,1049,1050,1050,1050,1051,1051,1051,1051,1051,1052,1052,1053,1054,1056,1057,1058,1059,1060,1061,1063,1064,1065,1067,1068,1070,1071,1074,1076,1079,1082,1084,1087,1091,1094,1097,1101,1104,1108,1111,1115,1118,1122,1126,1130,1134,1137,1141,1145,1149,1153,1157
394619,"Fresno, CA",56,1131,1134,1138,1141,1145,1148,1152,1155,1159,1162,1165,1168,1170,1173,1176,1179,1183,1186,1189,1193,1197,1201,1206,1210,1215,1219,1224,1229,1233,1237,1242,1246,1250,1255,1260,1265,1270,1276,1282,1287,1293,1298,1304,1309,1314,1320,1325,1330,1335,1341,1347,1352,1359,1366,1373,1380,1388,1395,1402,1410,1417,1424,1431,1438,1445,1452,1459,1466,1473,1479,1485,1491,1497,1505,1512,1520,1527,1535,1542,1550,1558,1565,1573
395238,"Worcester, MA",57,1050,1053,1057,1061,1065,1068,1072,1076,1080,1083,1088,1092,1096,1100,1104,1108,1112,1115,1119,1123,1127,1130,1135,1140,1145,1150,1155,1161,1166,1172,1177,1183,1189,1195,1201,1206,1212,1216,1221,1226,1230,1234,1238,1243,1247,1252,1257,1263,1268,1274,1281,1287,1294,1300,1307,1313,1320,1326,1332,1338,1345,1350,1356,1362,1369,1376,1383,1390,1396,1403,1409,1415,1420,1425,1430,1435,1441,1446,1451,1455,1460,1465,1470
394415,"Stamford, CT",58,1841,1851,1860,1869,1878,1887,1896,1905,1914,1923,1929,1935,1942,1946,1951,1956,1959,1963,1967,1970,1973,1977,1980,1983,1987,1989,1992,1995,1998,2001,2004,2007,2010,2013,2016,2018,2021,2023,2025,2027,2029,2031,2033,2035,2037,2040,2043,2047,2050,2055,2059,2063,2068,2073,2078,2083,2087,2091,2095,2099,2103,2107,2111,2116,2120,2124,2128,2133,2139,2144,2150,2155,2161,2169,2177,2185,2194,2203,2212,2221,2230,2239,2248
394312,"Albuquerque, NM",59,975,977,978,980,982,983,985,987,989,991,993,995,997,999,1001,1003,1005,1007,1009,1011,1013,1015,1017,1019,1021,1023,1026,1028,1030,1033,1035,1037,1039,1041,1043,1045,1047,1048,1050,1051,1053,1055,1057,1059,1061,1063,1066,1068,1071,1074,1077,1080,1083,1086,1089,1092,1095,1099,1102,1106,1110,1114,1118,1122,1127,1132,1136,1141,1146,1150,1154,1158,1162,1167,1172,1177,1183,1188,1193,1199,1204,1210,1216
394308,"Albany, NY",60,1130,1135,1140,1145,1149,1153,1158,1162,1166,1171,1173,1175,1177,1178,1178,1178,1179,1180,1181,1184,1187,1189,1192,1195,1198,1201,1204,1207,1211,1215,1219,1223,1226,1230,1233,1236,1240,1243,1245,1248,1249,1249,1250,1251,1252,1253,1256,1259,1262,1266,1270,1274,1279,1283,1288,1291,1293,1296,1298,1299,1301,1302,1303,1305,1307,1309,1311,1314,1318,1321,1324,1327,1330,1334,1337,1341,1345,1349,1352,1356,1360,1364,1367
394938,"Omaha, NE",61,986,989,992,995,999,1002,1006,1009,1013,1017,1021,1025,1029,1032,1036,1039,1042,1046,1049,1051,1054,1057,1059,1062,1065,1068,1072,1075,1078,1081,1084,1087,1090,1093,1096,1099,1102,1105,1107,1110,1112,1114,1117,1119,1121,1123,1125,1127,1129,1131,1134,1136,1139,1143,1146,1149,1152,1155,1159,1162,1166,1169,1173,1176,1180,1183,1187,1191,1195,1200,1204,1209,1214,1219,1224,1229,1234,1239,1244,1249,1253,1258,1263
394908,"New Haven, CT",62,1235,1239,1243,1247,1250,1254,1258,1262,1266,1270,1273,1276,1279,1281,1283,1286,1288,1290,1292,1295,1297,1299,1302,1305,1308,1310,1313,1316,1318,1321,1324,1326,1329,1331,1333,1335,1336,1338,1340,1342,1345,1347,1350,1352,1355,1357,1360,1363,1366,1370,1373,1377,1381,1384,1388,1391,1395,1398,1401,1404,1407,1410,1412,1414,1417,1420,1423,1427,1431,1435,1440,1445,1450,1455,1461,1467,1473,1479,1485,1491,1497,1503,1509
394357,"Bakersfield, CA",63,1038,1041,1044,1048,1051,1054,1057,1060,1063,1066,1068,1071,1074,1076,1078,1079,1081,1082,1083,1084,1085,1086,1088,1089,1090,1093,1095,1097,1100,1103,1106,1109,1112,1115,1118,1121,1124,1127,1129,1132,1134,1137,1139,1142,1145,1148,1152,1156,1160,1164,1168,1173,1177,1182,1187,1192,1197,1203,1208,1213,1218,1224,1229,1234,1239,1244,1249,1254,1259,1264,1270,1275,1281,1289,1296,1304,1312,1320,1328,1336,1345,1353,1361
394753,"Knoxville, TN",64,1016,1019,1022,1024,1027,1031,1034,1037,1040,1043,1046,1049,1052,1053,1055,1057,1058,1060,1061,1062,1062,1063,1066,1068,1070,1074,1078,1081,1085,1089,1093,1097,1102,1106,1109,1113,1117,1120,1123,1126,1130,1134,1137,1140,1144,1147,1151,1155,1159,1163,1168,1173,1178,1184,1189,1195,1200,1206,1211,1216,1221,1225,1230,1234,1238,1243,1248,1252,1256,1261,1265,1269,1273,1278,1284,1289,1295,1300,1306,1312,1317,1323,1329
394653,"Greenville, SC",65,1017,1020,1022,1025,1028,1030,1033,1035,1038,1041,1044,1047,1050,1054,1058,1062,1067,1072,1076,1082,1088,1093,1099,1104,1109,1113,1117,1121,1124,1127,1129,1131,1133,1134,1136,1138,1140,1142,1145,1148,1151,1154,1157,1160,1164,1167,1170,1174,1177,1181,1184,1188,1192,1196,1200,1204,1208,1211,1215,1219,1223,1227,1230,1234,1238,1242,1246,1250,1254,1258,1261,1263,1266,1268,1269,1271,1273,1275,1276,1278,1280,1281,1283
394952,"Ventura, CA",66,2097,2107,2117,2126,2136,2145,2155,2164,2174,2183,2193,2203,2213,2223,2232,2241,2250,2258,2266,2274,2282,2290,2300,2309,2318,2328,2337,2347,2357,2367,2377,2388,2399,2410,2419,2428,2438,2446,2453,2461,2469,2477,2485,2493,2501,2509,2518,2527,2536,2546,2556,2566,2576,2586,2595,2603,2612,2620,2627,2634,2641,2646,2651,2656,2661,2666,2671,2677,2682,2687,2692,2696,2701,2707,2714,2720,2727,2733,2740,2747,2753,2760,2767
394318,"Allentown, PA",67,1136,1141,1147,1152,1157,1162,1167,1171,1176,1181,1184,1187,1191,1193,1196,1198,1202,1205,1209,1214,1218,1223,1227,1230,1234,1235,1237,1238,1241,1243,1245,1249,1252,1256,1259,1263,1266,1269,1272,1274,1277,1279,1281,1283,1285,1288,1291,1295,1299,1303,1308,1313,1316,1319,1322,1325,1327,1329,1332,1335,1338,1342,1346,1350,1356,1362,1369,1374,1378,1383,1384,1385,1387,1392,1398,1403,1410,1416,1423,1429,1436,1442,1450
394561,"El Paso, TX",68,1054,1055,1055,1055,1055,1055,1056,1056,1056,1057,1057,1057,1058,1058,1059,1059,1060,1060,1061,1061,1061,1062,1062,1063,1063,1064,1065,1065,1066,1067,1068,1069,1070,1070,1070,1071,1071,1071,1071,1071,1071,1071,1070,1070,1071,1071,1072,1073,1074,1075,1077,1078,1080,1082,1083,1085,1087,1089,1090,1092,1094,1097,1099,1102,1105,1109,1112,1116,1120,1124,1128,1133,1137,1142,1147,1152,1157,1162,1167,1172,1177,1182,1188
394367,"Baton Rouge, LA",69,1074,1079,1084,1089,1093,1098,1103,1107,1112,1117,1121,1125,1130,1132,1134,1136,1138,1140,1143,1145,1148,1151,1153,1156,1158,1162,1167,1171,1176,1180,1185,1189,1193,1197,1199,1202,1204,1204,1204,1204,1202,1201,1199,1197,1195,1194,1193,1193,1192,1193,1193,1193,1194,1194,1194,1194,1194,1194,1194,1195,1195,1195,1195,1195,1195,1194,1194,1194,1193,1193,1194,1194,1195,1198,1201,1204,1207,1210,1213,1217,1220,1224,1227
394521,"Dayton, OH",70,,819,820,820,821,821,822,822,823,823,824,825,827,828,831,833,836,839,842,845,848,851,854,856,858,861,863,864,866,868,870,872,875,877,879,882,884,887,890,893,896,899,902,904,907,910,913,916,918,921,924,927,929,931,934,936,939,942,945,949,952,956,960,964,968,972,976,981,985,989,993,997,1001,1005,1009,1013,1017,1021,1025,1029,1033,1037,1041
394486,"Columbia, SC",72,,972,974,976,978,979,981,982,984,986,987,988,989,989,989,989,989,990,991,992,995,997,999,1001,1003,1005,1008,1010,1012,1015,1017,1020,1022,1025,1027,1029,1032,1034,1036,1038,1040,1042,1044,1047,1050,1053,1055,1059,1062,1065,1069,1073,1076,1080,1083,1087,1090,1094,1097,1101,1105,1109,1113,1116,1120,1123,1127,1130,1134,1138,1141,1145,1149,1153,1159,1164,1169,1174,1179,1184,1190,1195,1200
394648,"Greensboro, NC",73,1017,1020,1024,1027,1030,1033,1036,1039,1042,1045,1048,1051,1053,1055,1057,1059,1061,1062,1063,1064,1065,1067,1068,1069,1070,1073,1075,1077,1080,1084,1088,1092,1096,1100,1103,1107,1110,1113,1115,1118,1120,1122,1124,1126,1128,1130,1132,1135,1137,1140,1142,1145,1148,1151,1154,1158,1161,1165,1170,1174,1179,1184,1189,1194,1199,1203,1208,1213,1217,1222,1226,1230,1235,1240,1245,1250,1256,1262,1267,1273,1278,1284,1289
394304,"Akron, OH",74,748,750,753,755,758,760,762,764,767,769,771,774,776,778,780,782,783,785,787,788,790,791,793,795,796,798,800,802,804,806,807,809,811,813,815,817,819,820,821,823,824,825,826,827,829,830,831,832,832,833,834,835,836,837,838,839,840,841,843,844,846,848,850,853,856,859,862,865,868,871,874,877,881,884,887,890,893,896,899,902,905,908,911
753906,"North Port-Sarasota-Bradenton, FL",75,1450,1457,1465,1472,1479,1487,1494,1501,1509,1516,1524,1532,1539,1547,1556,1564,1571,1578,1586,1592,1598,1605,1610,1616,1621,1626,1631,1636,1641,1647,1652,1657,1661,1666,1669,1673,1676,1679,1681,1683,1686,1688,1690,1693,1697,1701,1706,1712,1717,1724,1731,1738,1744,1750,1756,1762,1767,1772,1776,1780,1785,1789,1793,1798,1803,1808,1813,1818,1824,1829,1834,1839,1844,1850,1856,1862,1868,1874,1880,1886,1892,1899,1905
394798,"Little Rock, AR",76,827,827,827,827,827,827,827,828,828,828,828,829,829,830,831,831,833,834,835,836,837,838,838,839,840,841,842,842,844,845,846,847,848,850,851,852,853,854,855,855,856,857,858,859,860,860,861,862,863,864,865,866,867,869,870,872,873,875,877,879,881,883,885,886,888,890,891,893,895,897,899,901,904,907,911,914,918,922,925,929,933,937,940
395134,"Stockton, CA",77,1344,1352,1359,1367,1374,1382,1389,1397,1404,1412,1419,1427,1435,1443,1451,1459,1468,1476,1485,1495,1505,1514,1525,1535,1545,1556,1567,1578,1589,1599,1610,1621,1631,1642,1652,1663,1674,1684,1695,1705,1715,1725,1734,1743,1752,1761,1769,1777,1785,1792,1800,1807,1815,1822,1829,1837,1845,1853,1861,1870,1878,1886,1895,1903,1912,1922,1932,1942,1952,1962,1970,1979,1988,1998,2008,2018,2028,2038,2049,2059,2069,2079,2090
394457,"Charleston, SC",78,1202,1210,1218,1227,1235,1243,1252,1260,1268,1277,1285,1293,1301,1307,1313,1320,1325,1330,1335,1340,1345,1350,1356,1362,1367,1373,1378,1384,1389,1394,1398,1403,1408,1413,1417,1422,1426,1431,1435,1440,1444,1448,1453,1457,1460,1464,1468,1472,1475,1479,1483,1486,1489,1492,1495,1498,1501,1503,1506,1510,1513,1516,1520,1523,1528,1533,1537,1542,1546,1550,1553,1555,1558,1560,1562,1565,1567,1569,1571,1573,1575,1578,1580
395143,"Syracuse, NY",79,875,879,883,887,891,894,898,901,904,908,910,912,914,914,915,915,917,919,921,925,929,933,936,940,944,946,949,951,953,956,958,961,964,967,970,972,975,978,981,984,986,988,990,992,994,995,998,1000,1002,1005,1007,1009,1010,1011,1012,1012,1013,1013,1015,1016,1017,1021,1025,1028,1033,1038,1043,1048,1053,1058,1063,1069,1075,1081,1087,1093,1099,1105,1111,1117,1123,1129,1136
394484,"Colorado Springs, CO",80,1092,1097,1102,1108,1113,1118,1123,1129,1134,1139,1144,1149,1154,1159,1164,1169,1175,1180,1185,1191,1197,1203,1210,1216,1223,1230,1237,1245,1252,1259,1266,1273,1280,1287,1294,1301,1308,1315,1322,1328,1335,1342,1348,1355,1362,1368,1374,1381,1387,1392,1397,1403,1408,1413,1418,1424,1429,1435,1441,1447,1454,1460,1467,1474,1481,1488,1496,1502,1509,1516,1522,1528,1534,1542,1549,1556,1563,1570,1577,1585,1592,1599,1607
395235,"Winston-Salem, NC",81,1005,1007,1009,1011,1013,1015,1017,1019,1022,1024,1026,1028,1031,1033,1036,1039,1041,1044,1046,1049,1052,1055,1057,1060,1063,1065,1067,1069,1071,1073,1075,1078,1080,1082,1085,1087,1090,1093,1097,1100,1103,1106,1109,1111,1114,1117,1120,1123,1126,1129,1133,1136,1140,1144,1148,1153,1157,1162,1167,1172,1177,1182,1188,1193,1198,1202,1207,1211,1215,1219,1223,1226,1230,1235,1240,1245,1250,1256,1261,1267,1272,1277,1283
395224,"Wichita, KS",82,,753,755,757,760,762,764,766,768,770,772,773,774,775,775,774,774,774,775,775,776,777,778,779,780,781,782,783,783,784,784,784,784,784,784,784,785,785,785,785,786,786,787,787,788,789,789,790,791,792,793,794,795,796,797,798,799,800,801,802,803,804,805,807,808,810,812,814,816,818,821,823,825,828,830,833,835,838,840,842,845,847,850
395115,"Springfield, MA",83,1168,1171,1174,1176,1179,1182,1185,1188,1191,1193,1195,1197,1200,1202,1204,1206,1208,1210,1213,1215,1218,1221,1225,1228,1232,1236,1239,1243,1246,1249,1252,1254,1257,1259,1260,1262,1264,1266,1268,1271,1274,1277,1280,1284,1288,1292,1295,1298,1302,1305,1308,1311,1313,1315,1317,1319,1321,1323,1326,1329,1333,1336,1340,1344,1348,1353,1358,1363,1368,1373,1376,1379,1383,1385,1387,1390,1392,1394,1396,1399,1401,1403,1405
394440,"Fort Myers, FL",84,1143,1153,1163,1173,1183,1193,1203,1213,1224,1234,1246,1257,1269,1281,1294,1306,1318,1330,1343,1354,1366,1377,1386,1396,1406,1413,1421,1428,1434,1440,1446,1451,1455,1460,1464,1467,1471,1475,1478,1482,1486,1490,1495,1499,1504,1508,1513,1517,1522,1526,1531,1535,1539,1543,1547,1551,1554,1558,1563,1567,1572,1576,1580,1584,1588,1591,1595,1599,1602,1606,1609,1612,1615,1621,1627,1632,1638,1644,1650,1656,1663,1669,1675
394399,"Boise City, ID",85,879,883,887,892,896,900,905,909,914,918,922,927,931,936,940,944,949,954,958,963,968,973,978,984,989,995,1001,1007,1013,1018,1024,1030,1035,1041,1046,1052,1058,1063,1069,1074,1080,1086,1092,1098,1104,1110,1117,1124,1131,1139,1147,1154,1162,1170,1178,1186,1194,1202,1210,1217,1225,1232,1238,1245,1251,1257,1263,1269,1275,1280,1285,1289,1294,1301,1308,1315,1322,1329,1337,1344,1352,1359,1367
395160,"Toledo, OH",86,768,770,772,774,777,779,781,784,786,788,790,792,794,796,797,798,799,801,802,804,805,806,808,810,812,814,817,820,822,825,827,829,831,832,833,835,836,837,838,839,840,841,842,844,846,847,849,851,853,855,856,858,859,860,861,863,864,866,868,869,871,873,875,878,879,880,881,882,883,883,885,887,889,892,896,899,902,906,909,912,916,920,924
394816,"Madison, WI",87,1109,1109,1109,1109,1109,1109,1109,1110,1110,1111,1113,1115,1118,1121,1124,1127,1131,1135,1139,1143,1147,1151,1154,1158,1161,1165,1168,1171,1173,1176,1178,1181,1183,1185,1187,1190,1192,1194,1196,1199,1201,1203,1206,1207,1209,1210,1212,1213,1214,1216,1218,1220,1222,1224,1227,1230,1233,1236,1240,1243,1246,1249,1252,1255,1257,1260,1262,1265,1268,1271,1273,1275,1277,1280,1282,1284,1286,1288,1290,1292,1294,1296,1298
394766,"Lakeland, FL",88,1046,1049,1052,1054,1057,1060,1063,1066,1069,1071,1075,1079,1083,1087,1091,1096,1100,1104,1109,1113,1118,1122,1127,1132,1136,1141,1146,1151,1156,1161,1166,1171,1175,1180,1184,1188,1192,1196,1200,1203,1208,1212,1216,1221,1227,1232,1238,1245,1251,1258,1266,1273,1280,1287,1294,1300,1307,1313,1319,1324,1329,1334,1338,1343,1348,1352,1357,1362,1367,1371,1377,1383,1389,1395,1402,1408,1415,1421,1428,1434,1441,1448,1454
394931,"Ogden, UT",89,923,931,939,947,954,961,969,976,983,991,997,1002,1008,1012,1016,1021,1025,1028,1032,1035,1038,1042,1045,1048,1051,1056,1061,1066,1072,1078,1084,1090,1097,1104,1110,1117,1124,1128,1133,1137,1140,1143,1146,1151,1155,1160,1166,1172,1178,1185,1191,1198,1205,1212,1219,1226,1233,1239,1245,1250,1256,1262,1267,1273,1280,1286,1293,1298,1304,1310,1315,1320,1326,1331,1336,1340,1345,1350,1355,1360,1365,1370,1374
394528,"Daytona Beach, FL",90,1015,1019,1024,1028,1033,1038,1043,1047,1052,1057,1062,1067,1072,1078,1084,1090,1096,1103,1109,1114,1120,1126,1132,1138,1143,1149,1155,1161,1167,1173,1178,1184,1189,1194,1200,1205,1211,1216,1222,1228,1233,1239,1245,1251,1257,1263,1270,1276,1282,1288,1293,1299,1304,1310,1315,1321,1326,1332,1337,1342,1347,1351,1356,1360,1365,1370,1375,1379,1384,1389,1394,1399,1404,1410,1415,1420,1425,1431,1436,1441,1446,1452,1457
394531,"Des Moines, IA",91,1007,1012,1017,1023,1028,1033,1038,1043,1048,1053,1057,1060,1064,1065,1066,1067,1067,1067,1067,1067,1067,1067,1068,1068,1069,1071,1073,1075,1076,1078,1080,1082,1084,1086,1088,1090,1092,1094,1096,1097,1098,1098,1099,1099,1099,1099,1100,1101,1102,1104,1105,1106,1108,1109,1111,1113,1114,1115,1116,1116,1117,1118,1120,1121,1124,1126,1128,1131,1133,1136,1138,1140,1143,1145,1147,1150,1152,1155,1157,1160,1163,1165,1168
394711,"Jackson, MS",92,1115,1120,1125,1130,1134,1139,1143,1148,1152,1156,1159,1161,1163,1164,1164,1165,1167,1169,1171,1174,1177,1181,1183,1186,1188,1190,1192,1195,1196,1197,1199,1199,1199,1199,1199,1199,1200,1200,1199,1199,1200,1200,1200,1202,1203,1204,1205,1205,1206,1207,1207,1207,1208,1209,1209,1210,1211,1212,1213,1214,1216,1218,1219,1221,1222,1224,1226,1228,1230,1233,1236,1238,1241,1244,1247,1250,1254,1257,1260,1263,1266,1269,1273
395245,"Youngstown, OH",93,,618,619,620,622,623,625,626,628,629,630,631,632,633,633,634,634,634,634,634,634,634,634,636,637,638,639,641,642,644,645,647,649,651,653,655,657,658,660,661,662,663,663,664,665,666,666,668,669,670,672,674,676,679,682,685,687,690,692,694,696,698,698,699,700,701,702,702,704,705,707,709,711,714,717,720,723,726,729,732,735,738,742
394352,"Augusta, GA",94,,959,960,961,962,963,964,965,966,967,968,970,972,973,975,977,979,981,983,985,987,988,990,992,994,996,998,1000,1001,1003,1005,1007,1009,1010,1012,1014,1016,1018,1020,1023,1025,1027,1030,1033,1035,1038,1041,1043,1046,1048,1050,1052,1054,1056,1058,1061,1063,1066,1068,1072,1075,1078,1083,1087,1091,1094,1098,1102,1105,1109,1112,1116,1121,1125,1131,1137,1143,1149,1155,1161,1167,1173,1179
395075,"Scranton, PA",95,757,759,761,763,765,767,769,771,773,775,776,777,778,779,780,782,783,784,785,787,788,790,792,794,796,798,800,802,804,807,809,812,815,818,820,822,824,827,829,831,833,836,838,839,841,842,843,844,846,847,848,850,851,853,855,858,860,863,867,870,874,877,881,884,888,891,895,898,901,904,907,909,912,916,919,923,926,930,933,937,941,944,948
394666,"Harrisburg, PA",96,1014,1012,1010,1008,1006,1005,1003,1002,1001,1000,1001,1002,1004,1007,1010,1013,1017,1021,1025,1028,1030,1033,1036,1039,1041,1044,1047,1049,1051,1053,1054,1056,1057,1058,1058,1059,1060,1060,1061,1062,1063,1065,1066,1067,1069,1071,1073,1075,1077,1080,1083,1086,1091,1095,1099,1103,1108,1112,1116,1119,1123,1126,1129,1133,1135,1138,1140,1143,1145,1148,1150,1152,1155,1158,1161,1163,1166,1169,1172,1175,1178,1181,1184
394957,"Melbourne, FL",97,988,993,999,1004,1010,1015,1021,1027,1032,1038,1045,1051,1057,1065,1072,1079,1086,1093,1100,1106,1113,1120,1127,1134,1141,1149,1156,1164,1172,1180,1188,1196,1204,1212,1219,1226,1233,1238,1244,1250,1255,1261,1266,1273,1280,1287,1296,1304,1312,1322,1331,1341,1350,1359,1368,1374,1381,1388,1393,1398,1402,1406,1410,1414,1419,1423,1427,1433,1439,1444,1450,1456,1462,1469,1475,1481,1488,1495,1501,1508,1514,1521,1527
394460,"Chattanooga, TN",98,900,910,921,932,943,953,963,973,984,994,1001,1007,1014,1018,1022,1025,1028,1031,1034,1038,1042,1046,1051,1055,1060,1065,1070,1075,1080,1085,1090,1091,1092,1094,1093,1093,1093,1093,1094,1094,1096,1097,1099,1103,1107,1110,1116,1121,1126,1131,1135,1140,1145,1150,1155,1160,1165,1169,1173,1177,1181,1184,1187,1190,1193,1196,1199,1202,1206,1209,1213,1217,1221,1227,1232,1238,1244,1251,1257,1263,1269,1275,1282
395113,"Spokane, WA",99,940,940,941,942,943,945,946,947,949,950,954,957,960,964,969,973,979,984,990,995,1000,1004,1009,1013,1017,1022,1026,1030,1035,1040,1044,1049,1053,1058,1063,1068,1074,1080,1086,1092,1098,1104,1111,1117,1123,1129,1135,1142,1148,1154,1160,1166,1172,1178,1184,1190,1196,1202,1208,1214,1221,1226,1232,1237,1242,1247,1252,1258,1263,1269,1275,1280,1286,1293,1301,1308,1316,1324,1332,1340,1348,1356,1365
395006,"Provo, UT",100,981,987,993,1000,1006,1012,1019,1025,1031,1037,1042,1048,1053,1057,1062,1066,1071,1075,1080,1084,1088,1093,1097,1102,1107,1113,1119,1125,1130,1134,1139,1144,1150,1155,1160,1164,1169,1174,1178,1182,1186,1190,1195,1199,1203,1208,1212,1217,1222,1226,1230,1235,1239,1244,1249,1253,1258,1262,1266,1271,1275,1279,1283,1288,1291,1294,1298,1300,1303,1306,1309,1311,1314,1316,1319,1322,1324,1327,1330,1333,1336,1339,1342
394549,"Durham, NC",104,1175,1177,1179,1180,1182,1184,1186,1187,1189,1191,1194,1196,1198,1202,1205,1208,1213,1218,1222,1227,1232,1237,1242,1247,1252,1257,1262,1267,1273,1279,1284,1288,1292,1297,1300,1303,1307,1309,1312,1314,1316,1318,1319,1322,1325,1327,1331,1334,1338,1341,1345,1348,1353,1357,1361,1366,1371,1376,1382,1387,1393,1398,1404,1410,1415,1420,1425,1428,1432,1435,1437,1439,1440,1441,1442,1443,1444,1445,1446,1447,1448,1448,1449
394995,"Port St. Lucie, FL",119,1150,1158,1165,1173,1181,1188,1196,1204,1211,1218,1225,1232,1239,1244,1250,1255,1261,1267,1273,1281,1288,1295,1304,1313,1322,1330,1339,1347,1354,1360,1367,1372,1378,1383,1389,1395,1400,1406,1411,1417,1423,1429,1434,1441,1448,1455,1462,1469,1477,1485,1493,1502,1511,1519,1528,1535,1542,1548,1553,1558,1562,1566,1571,1575,1580,1586,1591,1599,1607,1614,1623,1631,1639,1648,1658,1667,1677,1686,1696,1706,1715,1725,1735
394602,"Fort Collins, CO",159,1238,1250,1262,1275,1287,1299,1312,1324,1336,1348,1358,1369,1380,1388,1397,1405,1412,1418,1425,1431,1436,1442,1447,1452,1457,1461,1465,1469,1472,1475,1478,1480,1482,1485,1486,1488,1490,1492,1494,1496,1499,1501,1504,1507,1510,1514,1518,1522,1526,1530,1534,1539,1543,1548,1552,1557,1562,1567,1571,1576,1580,1584,1589,1593,1597,1601,1605,1607,1610,1613,1615,1617,1619,1622,1624,1627,1630,1633,1636,1639,1641,1644,1647
394405,"Boulder, CO",162,1527,1540,1553,1566,1579,1592,1605,1619,1632,1645,1658,1670,1683,1694,1705,1716,1727,1739,1750,1760,1769,1779,1786,1794,1801,1807,1812,1817,1820,1823,1826,1829,1831,1833,1836,1838,1841,1844,1847,1851,1855,1860,1864,1869,1873,1878,1883,1889,1894,1900,1906,1912,1917,1922,1927,1933,1938,1943,1948,1953,1959,1963,1968,1972,1977,1982,1987,1991,1995,1999,2001,2002,2004,2005,2007,2008,2009,2010,2012,2013,2014,2015,2016
394645,"Greeley, CO",177,1198,1208,1218,1228,1238,1248,1258,1268,1278,1288,1297,1307,1317,1324,1331,1339,1345,1351,1358,1363,1368,1374,1379,1384,1389,1394,1398,1403,1406,1410,1413,1417,1420,1424,1428,1432,1436,1442,1447,1452,1458,1464,1470,1477,1483,1490,1496,1503,1509,1515,1520,1526,1532,1537,1543,1549,1555,1561,1567,1572,1578,1582,1587,1592,1596,1600,1604,1607,1610,1613,1615,1617,1619,1623,1627,1630,1634,1638,1642,1646,1650,1654,1658
394623,"Gainesville, GA",229,1047,1049,1052,1055,1058,1061,1064,1068,1071,1075,1078,1082,1086,1092,1098,1104,1111,1118,1124,1130,1136,1141,1148,1155,1162,1170,1178,1185,1193,1200,1207,1214,1221,1227,1234,1241,1247,1253,1259,1265,1270,1274,1279,1284,1289,1294,1297,1301,1305,1309,1313,1316,1323,1330,1337,1345,1354,1362,1371,1379,1388,1396,1405,1413,1420,1428,1435,1440,1445,1451,1454,1458,1462,1465,1469,1472,1476,1479,1483,1486,1489,1493,1496
